{
  "test_macro_f1": 0.7812886847569289,
  "test_report": {
    "car_horn": {
      "precision": 0.8787878787878788,
      "recall": 0.8787878787878788,
      "f1-score": 0.8787878787878788,
      "support": 33.0
    },
    "dog_bark": {
      "precision": 0.6608695652173913,
      "recall": 0.76,
      "f1-score": 0.7069767441860465,
      "support": 100.0
    },
    "drilling": {
      "precision": 0.76,
      "recall": 0.76,
      "f1-score": 0.76,
      "support": 100.0
    },
    "engine_idling": {
      "precision": 0.9021739130434783,
      "recall": 0.8924731182795699,
      "f1-score": 0.8972972972972973,
      "support": 93.0
    },
    "siren": {
      "precision": 0.7454545454545455,
      "recall": 0.4939759036144578,
      "f1-score": 0.5942028985507246,
      "support": 83.0
    },
    "street_music": {
      "precision": 0.7982456140350878,
      "recall": 0.91,
      "f1-score": 0.8504672897196262,
      "support": 100.0
    },
    "accuracy": 0.7779960707269156,
    "macro avg": {
      "precision": 0.7909219194230636,
      "recall": 0.7825394834469844,
      "f1-score": 0.7812886847569289,
      "support": 509.0
    },
    "weighted avg": {
      "precision": 0.7793446347957145,
      "recall": 0.7779960707269156,
      "f1-score": 0.7731078440450413,
      "support": 509.0
    }
  }
}