{
  "test_macro_f1": 0.744141788185534,
  "test_report": {
    "car_horn": {
      "precision": 0.5961538461538461,
      "recall": 0.9393939393939394,
      "f1-score": 0.7294117647058823,
      "support": 33.0
    },
    "dog_bark": {
      "precision": 0.8591549295774648,
      "recall": 0.61,
      "f1-score": 0.7134502923976608,
      "support": 100.0
    },
    "drilling": {
      "precision": 0.7628865979381443,
      "recall": 0.74,
      "f1-score": 0.751269035532995,
      "support": 100.0
    },
    "engine_idling": {
      "precision": 0.9166666666666666,
      "recall": 0.946236559139785,
      "f1-score": 0.9312169312169312,
      "support": 93.0
    },
    "siren": {
      "precision": 0.6666666666666666,
      "recall": 0.5301204819277109,
      "f1-score": 0.5906040268456376,
      "support": 83.0
    },
    "street_music": {
      "precision": 0.6692913385826772,
      "recall": 0.85,
      "f1-score": 0.748898678414097,
      "support": 100.0
    },
    "accuracy": 0.7524557956777996,
    "macro avg": {
      "precision": 0.7451366742642441,
      "recall": 0.7692918300769058,
      "f1-score": 0.744141788185534,
      "support": 509.0
    },
    "weighted avg": {
      "precision": 0.7650092276350469,
      "recall": 0.7524557956777996,
      "f1-score": 0.7486359483322828,
      "support": 509.0
    }
  }
}